{
  "accuracy": 0.4829416224412434,
  "avg_steps_per_sec": 7.349438703385472,
  "avg_tokens_per_sec": 1661.219505107121,
  "ce_loss": 0.3231987257019607,
  "checkpoint_count": 1,
  "edge_sampling_frequency": {
    "Q_to_R": 1848
  },
  "estimated_total_flops": 31657027697418240,
  "eval_file": "data/mv/gsm8k/eval.jsonl",
  "eval_status": "success",
  "exact_match": 0.4806671721000758,
  "exit_code": 0,
  "final_answer_exact_match": 0.4806671721000758,
  "generation_artifact_dir": "outputs/revised_gsm8k_20260602T0208Z_safe_jepa/runs/gsm8k_mav_qr_stopgrad_p125_l005_seed0_lr2em5_r16_full/checkpoint-final",
  "generation_artifact_kind": "adapter",
  "generation_avg_examples_per_sec": 0.3385747368425151,
  "generation_avg_new_tokens_per_sec": 38.57570130965126,
  "generation_batch_size": 1,
  "generation_gpu_hours": 1.0821507012181812,
  "generation_max_new_tokens": 192,
  "generation_num_examples": 1319,
  "generation_peak_vram_gb": 2.9822,
  "generation_status": "success",
  "generation_total_new_tokens": 150281,
  "generation_wall_clock_sec": 3895.7425243854523,
  "gpu_hours": 0.5693943719731437,
  "jepa_edges_per_step": 0.12364512244078683,
  "jepa_edges_used_per_step": 0.12364512244078683,
  "jepa_loss": 0.0009031353975615914,
  "lambda_history": null,
  "model_name_or_path": "/home/zsh/.cache/modelscope/hub/models/Qwen/Qwen2___5-1___5B-Instruct",
  "model_source": "modelscope",
  "num_eval_examples": 1319,
  "numeric_exact_match": 0.4829416224412434,
  "peak_vram_gb": 7.1661,
  "prediction_file": "outputs/revised_gsm8k_20260602T0208Z_safe_jepa/runs/gsm8k_mav_qr_stopgrad_p125_l005_seed0_lr2em5_r16_full/predictions.jsonl",
  "resource_guard_reason": null,
  "same_flop_accuracy": null,
  "status": "success",
  "total_params": 1561784320,
  "train_gpu_hours": 0.5648957470390532,
  "train_loss": 0.3241018610952227,
  "train_steps": 14946,
  "train_tokens": 3055350,
  "train_wall_clock_sec": 2033.6246893405914,
  "trainable_params": 18464768,
  "view_tokens": 322947,
  "wall_clock_sec": 2049.8197391033173
}
