{
  "accuracy": 0.47687642153146326,
  "avg_steps_per_sec": 6.3711026711780185,
  "avg_tokens_per_sec": 1397.0153750607674,
  "ce_loss": 0.32350958447487643,
  "checkpoint_count": 1,
  "edge_sampling_frequency": {
    "Q_to_A": 3597
  },
  "estimated_total_flops": 30710286536908800,
  "eval_file": "data/mv/gsm8k/eval.jsonl",
  "eval_status": "success",
  "exact_match": 0.47384382107657314,
  "exit_code": 0,
  "final_answer_exact_match": 0.47384382107657314,
  "generation_artifact_dir": "outputs/revised_gsm8k_20260602T0208Z_safe_jepa/runs/gsm8k_mav_qa_only_p25_l005_seed0_lr2em5_r16_full/checkpoint-final",
  "generation_artifact_kind": "adapter",
  "generation_avg_examples_per_sec": 0.3645448449813187,
  "generation_avg_new_tokens_per_sec": 40.728144041684665,
  "generation_batch_size": 1,
  "generation_gpu_hours": 1.0050584830178155,
  "generation_max_new_tokens": 192,
  "generation_num_examples": 1319,
  "generation_peak_vram_gb": 2.9822,
  "generation_status": "success",
  "generation_total_new_tokens": 147363,
  "generation_wall_clock_sec": 3618.2105388641357,
  "gpu_hours": 0.656447197596232,
  "jepa_edges_per_step": 0.2406663990365315,
  "jepa_edges_used_per_step": 0.2406663990365315,
  "jepa_loss": 0.003667650913201406,
  "lambda_history": null,
  "model_name_or_path": "/home/zsh/.cache/modelscope/hub/models/Qwen/Qwen2___5-1___5B-Instruct",
  "model_source": "modelscope",
  "num_eval_examples": 1319,
  "numeric_exact_match": 0.47687642153146326,
  "peak_vram_gb": 7.1654,
  "prediction_file": "outputs/revised_gsm8k_20260602T0208Z_safe_jepa/runs/gsm8k_mav_qa_only_p25_l005_seed0_lr2em5_r16_full/predictions.jsonl",
  "resource_guard_reason": null,
  "same_flop_accuracy": null,
  "status": "success",
  "total_params": 1561784320,
  "train_gpu_hours": 0.651640207502577,
  "train_loss": 0.3271772353683715,
  "train_steps": 14946,
  "train_tokens": 3055350,
  "train_wall_clock_sec": 2345.9047470092773,
  "trainable_params": 18464768,
  "view_tokens": 221915,
  "wall_clock_sec": 2363.2099113464355
}
