{
  "accuracy": 0.4829416224412434,
  "avg_steps_per_sec": 5.841043334100868,
  "avg_tokens_per_sec": 1689.1639980128987,
  "ce_loss": 0.3230536168132854,
  "checkpoint_count": 1,
  "edge_sampling_frequency": {
    "Q_to_R": 7194
  },
  "estimated_total_flops": 40502205688012800,
  "eval_file": "data/mv/gsm8k/eval.jsonl",
  "eval_status": "success",
  "exact_match": 0.4791508718726308,
  "exit_code": 0,
  "final_answer_exact_match": 0.4791508718726308,
  "generation_artifact_dir": "outputs/revised_gsm8k_20260602T0208Z_safe_jepa/runs/gsm8k_mav_qr_stopgrad_p50_l005_seed0_lr2em5_r16_full/checkpoint-final",
  "generation_artifact_kind": "adapter",
  "generation_avg_examples_per_sec": 0.3436138210844766,
  "generation_avg_new_tokens_per_sec": 38.97633194962393,
  "generation_batch_size": 1,
  "generation_gpu_hours": 1.0662810003757477,
  "generation_max_new_tokens": 192,
  "generation_num_examples": 1319,
  "generation_peak_vram_gb": 2.9822,
  "generation_status": "success",
  "generation_total_new_tokens": 149615,
  "generation_wall_clock_sec": 3838.6116013526917,
  "gpu_hours": 0.7157722334729301,
  "jepa_edges_per_step": 0.481332798073063,
  "jepa_edges_used_per_step": 0.481332798073063,
  "jepa_loss": 0.0017314181166948274,
  "lambda_history": null,
  "model_name_or_path": "/home/zsh/.cache/modelscope/hub/models/Qwen/Qwen2___5-1___5B-Instruct",
  "model_source": "modelscope",
  "num_eval_examples": 1319,
  "numeric_exact_match": 0.4829416224412434,
  "peak_vram_gb": 7.1661,
  "prediction_file": "outputs/revised_gsm8k_20260602T0208Z_safe_jepa/runs/gsm8k_mav_qr_stopgrad_p50_l005_seed0_lr2em5_r16_full/predictions.jsonl",
  "resource_guard_reason": null,
  "same_flop_accuracy": null,
  "status": "success",
  "total_params": 1561784320,
  "train_gpu_hours": 0.7107748443550533,
  "train_loss": 0.3247850349280875,
  "train_steps": 14946,
  "train_tokens": 3055350,
  "train_wall_clock_sec": 2558.789439678192,
  "trainable_params": 18464768,
  "view_tokens": 1266865,
  "wall_clock_sec": 2576.780040502548
}
