{
  "accuracy": 0.489764973464746,
  "avg_steps_per_sec": 6.472081099753666,
  "avg_tokens_per_sec": 1595.4390081707961,
  "ce_loss": 0.3230474568582163,
  "checkpoint_count": 1,
  "edge_sampling_frequency": {
    "Q_to_R": 3597
  },
  "estimated_total_flops": 34524988468469760,
  "eval_file": "data/mv/gsm8k/eval.jsonl",
  "eval_status": "success",
  "exact_match": 0.48597422289613346,
  "exit_code": 0,
  "final_answer_exact_match": 0.48597422289613346,
  "generation_artifact_dir": "outputs/revised_gsm8k_20260602T0208Z_safe_jepa/runs/gsm8k_mav_qr_stopgrad_p25_l005_seed0_lr2em5_r16_full/checkpoint-final",
  "generation_artifact_kind": "adapter",
  "generation_avg_examples_per_sec": 0.3191073278728015,
  "generation_avg_new_tokens_per_sec": 35.477525307999414,
  "generation_batch_size": 1,
  "generation_gpu_hours": 1.1481682082679536,
  "generation_max_new_tokens": 192,
  "generation_num_examples": 1319,
  "generation_peak_vram_gb": 2.9822,
  "generation_status": "success",
  "generation_total_new_tokens": 146643,
  "generation_wall_clock_sec": 4133.405549764633,
  "gpu_hours": 0.6455944949388503,
  "jepa_edges_per_step": 0.2406663990365315,
  "jepa_edges_used_per_step": 0.2406663990365315,
  "jepa_loss": 0.0012586331932610939,
  "lambda_history": null,
  "model_name_or_path": "/home/zsh/.cache/modelscope/hub/models/Qwen/Qwen2___5-1___5B-Instruct",
  "model_source": "modelscope",
  "num_eval_examples": 1319,
  "numeric_exact_match": 0.489764973464746,
  "peak_vram_gb": 7.1661,
  "prediction_file": "outputs/revised_gsm8k_20260602T0208Z_safe_jepa/runs/gsm8k_mav_qr_stopgrad_p25_l005_seed0_lr2em5_r16_full/predictions.jsonl",
  "resource_guard_reason": null,
  "same_flop_accuracy": null,
  "status": "success",
  "total_params": 1561784320,
  "train_gpu_hours": 0.6414732143614027,
  "train_loss": 0.32430609004395317,
  "train_steps": 14946,
  "train_tokens": 3055350,
  "train_wall_clock_sec": 2309.30357170105,
  "trainable_params": 18464768,
  "view_tokens": 629003,
  "wall_clock_sec": 2324.1401817798615
}
