{
  "accuracy": 0.45716451857467777,
  "avg_steps_per_sec": 6.506522740446365,
  "avg_tokens_per_sec": 1612.595907470132,
  "ce_loss": 0.32349078945200416,
  "checkpoint_count": 1,
  "edge_sampling_frequency": {
    "Q_to_R": 3672
  },
  "estimated_total_flops": 34711540481925120,
  "eval_file": "data/mv/gsm8k/eval.jsonl",
  "eval_status": "success",
  "exact_match": 0.4541319181197877,
  "exit_code": 0,
  "final_answer_exact_match": 0.4541319181197877,
  "generation_artifact_dir": "outputs/revised_gsm8k_20260602T0208Z_safe_jepa/runs/gsm8k_mav_qr_stopgrad_p25_l005_seed1_lr2em5_r16_full/checkpoint-final",
  "generation_artifact_kind": "adapter",
  "generation_avg_examples_per_sec": 0.357822570227222,
  "generation_avg_new_tokens_per_sec": 40.5666079313858,
  "generation_batch_size": 1,
  "generation_gpu_hours": 1.0239401294787724,
  "generation_max_new_tokens": 192,
  "generation_num_examples": 1319,
  "generation_peak_vram_gb": 2.9822,
  "generation_status": "success",
  "generation_total_new_tokens": 149536,
  "generation_wall_clock_sec": 3686.184466123581,
  "gpu_hours": 0.6428351037369834,
  "jepa_edges_per_step": 0.24568446407065436,
  "jepa_edges_used_per_step": 0.24568446407065436,
  "jepa_loss": 0.0012479966888446613,
  "lambda_history": null,
  "model_name_or_path": "/home/zsh/.cache/modelscope/hub/models/Qwen/Qwen2___5-1___5B-Instruct",
  "model_source": "modelscope",
  "num_eval_examples": 1319,
  "numeric_exact_match": 0.45716451857467777,
  "peak_vram_gb": 7.1661,
  "prediction_file": "outputs/revised_gsm8k_20260602T0208Z_safe_jepa/runs/gsm8k_mav_qr_stopgrad_p25_l005_seed1_lr2em5_r16_full/predictions.jsonl",
  "resource_guard_reason": null,
  "same_flop_accuracy": null,
  "status": "success",
  "total_params": 1561784320,
  "train_gpu_hours": 0.6380776387453079,
  "train_loss": 0.32473878614045154,
  "train_steps": 14946,
  "train_tokens": 3055350,
  "train_wall_clock_sec": 2297.0794994831085,
  "trainable_params": 18464768,
  "view_tokens": 648911,
  "wall_clock_sec": 2314.2063734531403
}
