{
  "accuracy": 0.46019711902956784,
  "avg_steps_per_sec": 6.264194251137673,
  "avg_tokens_per_sec": 1543.5781863367906,
  "ce_loss": 0.32293252542362694,
  "checkpoint_count": 1,
  "edge_sampling_frequency": {
    "Q_to_R": 3597
  },
  "estimated_total_flops": 34511251013591040,
  "eval_file": "data/mv/gsm8k/eval.jsonl",
  "eval_status": "success",
  "exact_match": 0.46019711902956784,
  "exit_code": 0,
  "final_answer_exact_match": 0.46019711902956784,
  "generation_artifact_dir": "outputs/revised_gsm8k_20260602T0208Z_safe_jepa/runs/gsm8k_mav_qr_normmse_p25_l005_seed0_lr2em5_r16_full/checkpoint-final",
  "generation_artifact_kind": "adapter",
  "generation_avg_examples_per_sec": 0.35722620121315946,
  "generation_avg_new_tokens_per_sec": 40.3763106561497,
  "generation_batch_size": 1,
  "generation_gpu_hours": 1.0256495398283005,
  "generation_max_new_tokens": 192,
  "generation_num_examples": 1319,
  "generation_peak_vram_gb": 2.9822,
  "generation_status": "success",
  "generation_total_new_tokens": 149083,
  "generation_wall_clock_sec": 3692.3383433818817,
  "gpu_hours": 0.6668435827891032,
  "jepa_edges_per_step": 0.2406663990365315,
  "jepa_edges_used_per_step": 0.2406663990365315,
  "jepa_loss": 7.106982511512473e-06,
  "lambda_history": null,
  "model_name_or_path": "/home/zsh/.cache/modelscope/hub/models/Qwen/Qwen2___5-1___5B-Instruct",
  "model_source": "modelscope",
  "num_eval_examples": 1319,
  "numeric_exact_match": 0.46019711902956784,
  "peak_vram_gb": 7.1661,
  "prediction_file": "outputs/revised_gsm8k_20260602T0208Z_safe_jepa/runs/gsm8k_mav_qr_normmse_p25_l005_seed0_lr2em5_r16_full/predictions.jsonl",
  "resource_guard_reason": null,
  "same_flop_accuracy": null,
  "status": "success",
  "total_params": 1561784320,
  "train_gpu_hours": 0.6627614821990331,
  "train_loss": 0.32293963240514145,
  "train_steps": 14946,
  "train_tokens": 3055350,
  "train_wall_clock_sec": 2385.941335916519,
  "trainable_params": 18464768,
  "view_tokens": 627537,
  "wall_clock_sec": 2400.6368980407715
}
