run_name,task,model,method,seed,lora_rank,lr,accuracy,exact_match,train_loss,jepa_loss,flops,wall_clock_sec,gpu_hours,train_wall_clock_sec,train_gpu_hours,peak_vram_gb,generation_wall_clock_sec,generation_gpu_hours,generation_peak_vram_gb,generation_num_examples,status,eval_status
gsm8k_mav_qr_p125_l003_cap003_nostrip_seed0_lr2em5_r16_full,gsm8k,Qwen/Qwen2.5-1.5B-Instruct,mav_qr_p125_l003_cap003_nostrip,0,16,2e-05,0.5,0.5,0.3238320747201209,0.000746809627057335,31689038028840960,1762.6214079856873,0.489617057773802,1750.730625629425,0.4863140626748403,7.1661,664.9472365379333,0.18470756570498148,2.9739,256,success,success
gsm8k_mav_qr_p125_l003_cap003_seed0_lr2em5_r16_full,gsm8k,Qwen/Qwen2.5-1.5B-Instruct,mav_qr_p125_l003_cap003,0,16,2e-05,0.484375,0.4765625,0.32397064286754357,0.0007874763743592467,31659445339545600,1777.8675582408905,0.4938520995113585,1761.0294616222382,0.4891748504506217,7.1661,671.6225063800812,0.18656180732780034,2.9739,256,success,success
gsm8k_mav_qr_rspan_prior_p125_l003_seed0_lr2em5_r16_full,gsm8k,Qwen/Qwen2.5-1.5B-Instruct,mav_qr_rspan_prior_p125_l003,0,16,2e-05,0.47265625,0.45703125,0.3244121758460203,0.0007642669898783556,31725246436515840,2167.677634239197,0.6021326761775546,2148.330868959427,0.596758574710952,7.1661,674.3346247673035,0.18731517354647317,2.9739,256,success,success
gsm8k_mav_rspan_qrpre_rsuf_p125_l003_seed0_lr2em5_r16_full,gsm8k,Qwen/Qwen2.5-1.5B-Instruct,mav_rspan_qrpre_rsuf_p125_l003,0,16,2e-05,0.4799090219863533,0.4761182714177407,0.3235988778103416,0.0004790946020272786,31225656621096960,1728.2170600891113,0.48006029446919757,1713.562852859497,0.4759896813498603,7.1654,4017.32631111145,1.1159239753087362,2.9822,1319,success,success
