{
  "accuracy": 0.46474601971190294,
  "avg_steps_per_sec": 7.93087002954345,
  "avg_tokens_per_sec": 1704.163341210385,
  "ce_loss": 0.3231790802996991,
  "checkpoint_count": 1,
  "edge_sampling_frequency": {
    "Q_to_A": 1,
    "Q_to_R": 879,
    "R_to_A": 1
  },
  "estimated_total_flops": 30094537450905600,
  "eval_file": "data/mv/gsm8k/eval.jsonl",
  "eval_status": "success",
  "exact_match": 0.46171341925701287,
  "exit_code": 0,
  "final_answer_exact_match": 0.46171341925701287,
  "generation_artifact_dir": "outputs/revised_gsm8k_20260602T0208Z_safe_jepa/runs/gsm8k_mav_qra_safe_all_p25_l005_seed0_lr2em5_r16_full/checkpoint-final",
  "generation_artifact_kind": "adapter",
  "generation_avg_examples_per_sec": 0.32229833101288463,
  "generation_avg_new_tokens_per_sec": 36.74005493133837,
  "generation_batch_size": 1,
  "generation_gpu_hours": 1.136800453596645,
  "generation_max_new_tokens": 192,
  "generation_num_examples": 1319,
  "generation_peak_vram_gb": 2.9822,
  "generation_status": "success",
  "generation_total_new_tokens": 150358,
  "generation_wall_clock_sec": 4092.4816329479218,
  "gpu_hours": 0.5288046553399828,
  "jepa_edges_per_step": 0.2406663990365315,
  "jepa_edges_used_per_step": 0.05894553726749632,
  "jepa_loss": 0.0006494478290832916,
  "lambda_history": null,
  "model_name_or_path": "/home/zsh/.cache/modelscope/hub/models/Qwen/Qwen2___5-1___5B-Instruct",
  "model_source": "modelscope",
  "num_eval_examples": 1319,
  "numeric_exact_match": 0.46474601971190294,
  "peak_vram_gb": 7.1661,
  "prediction_file": "outputs/revised_gsm8k_20260602T0208Z_safe_jepa/runs/gsm8k_mav_qra_safe_all_p25_l005_seed0_lr2em5_r16_full/predictions.jsonl",
  "resource_guard_reason": null,
  "same_flop_accuracy": null,
  "status": "success",
  "total_params": 1561784320,
  "train_gpu_hours": 0.5234818691015244,
  "train_loss": 0.32382852811464524,
  "train_steps": 14946,
  "train_tokens": 3055350,
  "train_wall_clock_sec": 1884.5347287654877,
  "trainable_params": 18464768,
  "view_tokens": 156205,
  "wall_clock_sec": 1903.696759223938
}
